<BondGraph fout="1" eout="2,3" >
                        <Component subtype="0" type="Source" value="1.5" id="1" name="S1" />
                        <Component subtype="0" type="Junction" id="2" name="J0_2" />
                        <Component subtype="0" type="Passive" value="6.25" id="3" name="R3" />
                        <Component subtype="0" type="Passive" value="34.1" id="4" name="R4" />
                        <Component subtype="4" type="Passive" value="1.25272e-05" id="5" name="C5" />
                        <Component subtype="4" type="Passive" value="2.01961e-08" id="6" name="C6" />
                        <Component type="Switch" id="7" name="Sw7" swid="1" />
                        <Component subtype="1" type="Junction" id="8" name="J1_8" />
                        <Component subtype="0" type="Junction" id="9" name="J0_9" />
                        <Component subtype="1" type="Junction" id="10" name="J1_10" />
                        <Component subtype="0" type="Junction" id="11" name="J0_11" />
                        <Component type="Switch" id="12" name="Sw12" swid="2" />
                        <Component subtype="6" type="Passive" value="0.000156198" id="13" name="I13" />
                        <Component subtype="0" type="Junction" id="14" name="J0_14" />
                        <Component subtype="1" type="Junction" id="15" name="J1_15" />
                        <Component type="Switch" id="16" name="Sw16" swid="3" />
                        <Component type="Switch" id="17" name="Sw17" swid="4" />
                        <Component type="Switch" id="18" name="Sw18" swid="5" />
                        <Component subtype="1" type="Junction" id="19" name="J1_19" />
                        <Component subtype="0" type="Junction" id="20" name="J0_20" />
                        <Component subtype="1" type="Junction" id="21" name="J1_21" />
                        <Component subtype="0" type="Junction" id="22" name="J0_22" />
                        <Component type="Switch" id="23" name="Sw23" swid="6" />
                        <Component subtype="6" type="Passive" value="0.0713074" id="24" name="I24" />
                        <Component subtype="1" type="Junction" id="25" name="J1_25" />
                        <Component subtype="0" type="Junction" id="26" name="J0_26" />
                        <Component type="Switch" id="27" name="Sw27" swid="7" />
                        <Component subtype="4" type="Passive" value="1.9316e-06" id="28" name="C28" />
                        <Component subtype="0" type="Junction" id="29" name="J0_29" />
                        <Component subtype="1" type="Junction" id="30" name="J1_30" />
                        <Component type="Switch" id="31" name="Sw31" swid="8" />
                        <Component type="Switch" id="32" name="Sw32" swid="9" />
                        <Component subtype="1" type="Junction" id="33" name="J1_33" />
                        <Component subtype="0" type="Junction" id="34" name="J0_34" />
                        <Component type="Switch" id="35" name="Sw35" swid="10" />
                        <Component subtype="4" type="Passive" value="0.000198802" id="36" name="C36" />
                        <Component subtype="4" type="Passive" value="1.57185e-06" id="37" name="C37" />
                        <Component type="Switch" id="38" name="Sw38" swid="11" />
                        <Component subtype="1" type="Junction" id="39" name="J1_39" />
                        <Component subtype="0" type="Junction" id="40" name="J0_40" />
                        <Component subtype="6" type="Passive" value="0.00112705" id="41" name="I41" />
                        <Component type="Switch" id="42" name="Sw42" swid="12" />
                        <Component type="Switch" id="43" name="Sw43" swid="13" />
                        <Component subtype="4" type="Passive" value="6.34374e-07" id="44" name="C44" />
                        <Component type="Switch" id="45" name="Sw45" swid="14" />
                        <Component type="Switch" id="46" name="Sw46" swid="15" />
                        <Component subtype="1" type="Junction" id="47" name="J1_47" />
                        <Component subtype="0" type="Junction" id="48" name="J0_48" />
                        <Component subtype="1" type="Junction" id="49" name="J1_49" />
                        <Component subtype="0" type="Junction" id="50" name="J0_50" />
                        <Component type="Switch" id="51" name="Sw51" swid="16" />
                        <Component subtype="4" type="Passive" value="3.9364e-06" id="52" name="C52" />
                        <Component subtype="4" type="Passive" value="2.03049e-07" id="53" name="C53" />
                        <Component type="Switch" id="54" name="Sw54" swid="17" />
                        <Component subtype="1" type="Junction" id="55" name="J1_55" />
                        <Component subtype="0" type="Junction" id="56" name="J0_56" />
                        <Component subtype="1" type="Junction" id="57" name="J1_57" />
                        <Component subtype="0" type="Junction" id="58" name="J0_58" />
                        <Component subtype="4" type="Passive" value="0.000119116" id="59" name="C59" />
                        <Component type="Switch" id="60" name="Sw60" swid="18" />
                        <Bond from="1" id="1" to="10" name="B1" causality="0" />
                        <Bond from="21" id="2" to="3" name="B2" causality="0" />
                        <Bond from="39" id="3" to="4" name="B3" causality="0" />
                        <Bond from="2" id="4" to="5" name="B4" causality="0" />
                        <Bond from="2" id="5" to="6" name="B5" causality="0" />
                        <Bond from="2" id="6" to="7" name="B6" causality="0" />
                        <Bond from="8" id="7" to="14" name="B7" causality="0" />
                        <Bond from="9" id="8" to="19" name="B8" causality="0" />
                        <Bond from="10" id="9" to="11" name="B9" causality="0" />
                        <Bond from="11" id="10" to="8" name="B10" causality="0" />
                        <Bond from="8" id="11" to="12" name="B11" causality="0" />
                        <Bond from="8" id="12" to="13" name="B12" causality="0" />
                        <Bond from="14" id="13" to="15" name="B13" causality="0" />
                        <Bond from="15" id="14" to="9" name="B14" causality="0" />
                        <Bond from="14" id="15" to="16" name="B15" causality="0" />
                        <Bond from="15" id="16" to="17" name="B16" causality="0" />
                        <Bond from="9" id="17" to="18" name="B17" causality="0" />
                        <Bond from="19" id="18" to="20" name="B18" causality="0" />
                        <Bond from="20" id="19" to="2" name="B19" causality="0" />
                        <Bond from="2" id="20" to="22" name="B20" causality="0" />
                        <Bond from="22" id="21" to="21" name="B21" causality="0" />
                        <Bond from="25" id="22" to="23" name="B22" causality="0" />
                        <Bond from="21" id="23" to="24" name="B23" causality="0" />
                        <Bond from="21" id="24" to="26" name="B24" causality="0" />
                        <Bond from="26" id="25" to="33" name="B25" causality="0" />
                        <Bond from="29" id="26" to="27" name="B26" causality="0" />
                        <Bond from="25" id="27" to="28" name="B27" causality="0" />
                        <Bond from="25" id="28" to="30" name="B28" causality="0" />
                        <Bond from="30" id="29" to="29" name="B29" causality="0" />
                        <Bond from="26" id="30" to="31" name="B30" causality="0" />
                        <Bond from="26" id="31" to="32" name="B31" causality="0" />
                        <Bond from="33" id="32" to="34" name="B32" causality="0" />
                        <Bond from="34" id="33" to="25" name="B33" causality="0" />
                        <Bond from="22" id="34" to="35" name="B34" causality="0" />
                        <Bond from="22" id="35" to="36" name="B35" causality="0" />
                        <Bond from="22" id="36" to="37" name="B36" causality="0" />
                        <Bond from="22" id="37" to="38" name="B37" causality="0" />
                        <Bond from="2" id="38" to="40" name="B38" causality="0" />
                        <Bond from="40" id="39" to="57" name="B39" causality="0" />
                        <Bond from="39" id="40" to="41" name="B40" causality="0" />
                        <Bond from="49" id="41" to="42" name="B41" causality="0" />
                        <Bond from="47" id="42" to="43" name="B42" causality="0" />
                        <Bond from="40" id="43" to="44" name="B43" causality="0" />
                        <Bond from="40" id="44" to="45" name="B44" causality="0" />
                        <Bond from="40" id="45" to="46" name="B45" causality="0" />
                        <Bond from="40" id="46" to="48" name="B46" causality="0" />
                        <Bond from="48" id="47" to="47" name="B47" causality="0" />
                        <Bond from="40" id="48" to="50" name="B48" causality="0" />
                        <Bond from="50" id="49" to="55" name="B49" causality="0" />
                        <Bond from="49" id="50" to="51" name="B50" causality="0" />
                        <Bond from="49" id="51" to="52" name="B51" causality="0" />
                        <Bond from="50" id="52" to="53" name="B52" causality="0" />
                        <Bond from="50" id="53" to="54" name="B53" causality="0" />
                        <Bond from="55" id="54" to="56" name="B54" causality="0" />
                        <Bond from="56" id="55" to="49" name="B55" causality="0" />
                        <Bond from="57" id="56" to="58" name="B56" causality="0" />
                        <Bond from="58" id="57" to="39" name="B57" causality="0" />
                        <Bond from="58" id="58" to="59" name="B58" causality="0" />
                        <Bond from="58" id="59" to="60" name="B59" causality="0" />
                  </BondGraph>