<BondGraph fout="1" eout="2,3" >
                        <Component subtype="0" type="Source" value="1.5" id="1" name="S1" />
                        <Component subtype="0" type="Junction" id="2" name="J0_2" />
                        <Component subtype="0" type="Passive" value="6.25" id="3" name="R3" />
                        <Component subtype="0" type="Passive" value="34.1" id="4" name="R4" />
                        <Component subtype="4" type="Passive" value="3.44436e-05" id="5" name="C5" />
                        <Component subtype="4" type="Passive" value="1.01382e-06" id="6" name="C6" />
                        <Component subtype="4" type="Passive" value="4.39232e-06" id="7" name="C7" />
                        <Component subtype="4" type="Passive" value="8.8529e-08" id="8" name="C8" />
                        <Component type="Switch" id="9" name="Sw9" swid="1" />
                        <Component subtype="1" type="Junction" id="10" name="J1_10" />
                        <Component subtype="0" type="Junction" id="11" name="J0_11" />
                        <Component subtype="1" type="Junction" id="12" name="J1_12" />
                        <Component subtype="0" type="Junction" id="13" name="J0_13" />
                        <Component type="Switch" id="14" name="Sw14" swid="2" />
                        <Component subtype="6" type="Passive" value="0.000156198" id="15" name="I15" />
                        <Component subtype="0" type="Junction" id="16" name="J0_16" />
                        <Component subtype="1" type="Junction" id="17" name="J1_17" />
                        <Component type="Switch" id="18" name="Sw18" swid="3" />
                        <Component type="Switch" id="19" name="Sw19" swid="4" />
                        <Component type="Switch" id="20" name="Sw20" swid="5" />
                        <Component subtype="1" type="Junction" id="21" name="J1_21" />
                        <Component subtype="0" type="Junction" id="22" name="J0_22" />
                        <Component subtype="1" type="Junction" id="23" name="J1_23" />
                        <Component subtype="0" type="Junction" id="24" name="J0_24" />
                        <Component type="Switch" id="25" name="Sw25" swid="6" />
                        <Component subtype="6" type="Passive" value="0.0688833" id="26" name="I26" />
                        <Component subtype="1" type="Junction" id="27" name="J1_27" />
                        <Component subtype="0" type="Junction" id="28" name="J0_28" />
                        <Component type="Switch" id="29" name="Sw29" swid="7" />
                        <Component subtype="4" type="Passive" value="1.9316e-06" id="30" name="C30" />
                        <Component subtype="0" type="Junction" id="31" name="J0_31" />
                        <Component subtype="1" type="Junction" id="32" name="J1_32" />
                        <Component type="Switch" id="33" name="Sw33" swid="8" />
                        <Component type="Switch" id="34" name="Sw34" swid="9" />
                        <Component type="Switch" id="35" name="Sw35" swid="10" />
                        <Component subtype="1" type="Junction" id="36" name="J1_36" />
                        <Component subtype="0" type="Junction" id="37" name="J0_37" />
                        <Component type="Switch" id="38" name="Sw38" swid="11" />
                        <Component subtype="1" type="Junction" id="39" name="J1_39" />
                        <Component subtype="0" type="Junction" id="40" name="J0_40" />
                        <Component type="Switch" id="41" name="Sw41" swid="12" />
                        <Component subtype="4" type="Passive" value="0.000197941" id="42" name="C42" />
                        <Component subtype="4" type="Passive" value="1.5402e-06" id="43" name="C43" />
                        <Component type="Switch" id="44" name="Sw44" swid="13" />
                        <Component subtype="1" type="Junction" id="45" name="J1_45" />
                        <Component subtype="0" type="Junction" id="46" name="J0_46" />
                        <Component subtype="1" type="Junction" id="47" name="J1_47" />
                        <Component subtype="0" type="Junction" id="48" name="J0_48" />
                        <Component subtype="6" type="Passive" value="0.00314928" id="49" name="I49" />
                        <Component type="Switch" id="50" name="Sw50" swid="14" />
                        <Component subtype="4" type="Passive" value="1.82601e-07" id="51" name="C51" />
                        <Component type="Switch" id="52" name="Sw52" swid="15" />
                        <Component subtype="1" type="Junction" id="53" name="J1_53" />
                        <Component subtype="0" type="Junction" id="54" name="J0_54" />
                        <Component type="Switch" id="55" name="Sw55" swid="16" />
                        <Component subtype="4" type="Passive" value="1.9316e-06" id="56" name="C56" />
                        <Component type="Switch" id="57" name="Sw57" swid="17" />
                        <Component subtype="1" type="Junction" id="58" name="J1_58" />
                        <Component subtype="0" type="Junction" id="59" name="J0_59" />
                        <Component subtype="1" type="Junction" id="60" name="J1_60" />
                        <Component subtype="0" type="Junction" id="61" name="J0_61" />
                        <Component subtype="4" type="Passive" value="8.48255e-05" id="62" name="C62" />
                        <Component type="Switch" id="63" name="Sw63" swid="18" />
                        <Bond from="1" id="1" to="12" name="B1" causality="0" />
                        <Bond from="23" id="2" to="3" name="B2" causality="0" />
                        <Bond from="47" id="3" to="4" name="B3" causality="0" />
                        <Bond from="2" id="4" to="5" name="B4" causality="0" />
                        <Bond from="2" id="5" to="6" name="B5" causality="0" />
                        <Bond from="2" id="6" to="7" name="B6" causality="0" />
                        <Bond from="2" id="7" to="8" name="B7" causality="0" />
                        <Bond from="2" id="8" to="9" name="B8" causality="0" />
                        <Bond from="10" id="9" to="16" name="B9" causality="0" />
                        <Bond from="11" id="10" to="21" name="B10" causality="0" />
                        <Bond from="12" id="11" to="13" name="B11" causality="0" />
                        <Bond from="13" id="12" to="10" name="B12" causality="0" />
                        <Bond from="10" id="13" to="14" name="B13" causality="0" />
                        <Bond from="10" id="14" to="15" name="B14" causality="0" />
                        <Bond from="16" id="15" to="17" name="B15" causality="0" />
                        <Bond from="17" id="16" to="11" name="B16" causality="0" />
                        <Bond from="16" id="17" to="18" name="B17" causality="0" />
                        <Bond from="17" id="18" to="19" name="B18" causality="0" />
                        <Bond from="11" id="19" to="20" name="B19" causality="0" />
                        <Bond from="21" id="20" to="22" name="B20" causality="0" />
                        <Bond from="22" id="21" to="2" name="B21" causality="0" />
                        <Bond from="2" id="22" to="24" name="B22" causality="0" />
                        <Bond from="24" id="23" to="23" name="B23" causality="0" />
                        <Bond from="27" id="24" to="25" name="B24" causality="0" />
                        <Bond from="23" id="25" to="26" name="B25" causality="0" />
                        <Bond from="23" id="26" to="28" name="B26" causality="0" />
                        <Bond from="28" id="27" to="39" name="B27" causality="0" />
                        <Bond from="31" id="28" to="29" name="B28" causality="0" />
                        <Bond from="27" id="29" to="30" name="B29" causality="0" />
                        <Bond from="27" id="30" to="32" name="B30" causality="0" />
                        <Bond from="32" id="31" to="31" name="B31" causality="0" />
                        <Bond from="28" id="32" to="33" name="B32" causality="0" />
                        <Bond from="36" id="33" to="34" name="B33" causality="0" />
                        <Bond from="28" id="34" to="35" name="B34" causality="0" />
                        <Bond from="28" id="35" to="37" name="B35" causality="0" />
                        <Bond from="37" id="36" to="36" name="B36" causality="0" />
                        <Bond from="37" id="37" to="38" name="B37" causality="0" />
                        <Bond from="39" id="38" to="40" name="B38" causality="0" />
                        <Bond from="40" id="39" to="27" name="B39" causality="0" />
                        <Bond from="45" id="40" to="41" name="B40" causality="0" />
                        <Bond from="24" id="41" to="42" name="B41" causality="0" />
                        <Bond from="24" id="42" to="43" name="B42" causality="0" />
                        <Bond from="24" id="43" to="44" name="B43" causality="0" />
                        <Bond from="24" id="44" to="46" name="B44" causality="0" />
                        <Bond from="46" id="45" to="45" name="B45" causality="0" />
                        <Bond from="2" id="46" to="48" name="B46" causality="0" />
                        <Bond from="48" id="47" to="60" name="B47" causality="0" />
                        <Bond from="47" id="48" to="49" name="B48" causality="0" />
                        <Bond from="53" id="49" to="50" name="B49" causality="0" />
                        <Bond from="48" id="50" to="51" name="B50" causality="0" />
                        <Bond from="48" id="51" to="52" name="B51" causality="0" />
                        <Bond from="48" id="52" to="54" name="B52" causality="0" />
                        <Bond from="54" id="53" to="58" name="B53" causality="0" />
                        <Bond from="53" id="54" to="55" name="B54" causality="0" />
                        <Bond from="53" id="55" to="56" name="B55" causality="0" />
                        <Bond from="54" id="56" to="57" name="B56" causality="0" />
                        <Bond from="58" id="57" to="59" name="B57" causality="0" />
                        <Bond from="59" id="58" to="53" name="B58" causality="0" />
                        <Bond from="60" id="59" to="61" name="B59" causality="0" />
                        <Bond from="61" id="60" to="47" name="B60" causality="0" />
                        <Bond from="61" id="61" to="62" name="B61" causality="0" />
                        <Bond from="61" id="62" to="63" name="B62" causality="0" />
                  </BondGraph>