<BondGraph eout="4">
	<Component type="Source" id="1" name="S1" subtype="0" value="1"/>
	<Component type="Junction" id="2" name="J1_2" subtype="1"/>
	<Component type="Junction" id="3" name="J0_3" subtype="0"/>
	<Component type="Passive" id="4" name="R4" subtype="0" value="1e+06"/>
	<Component type="Passive" id="5" name="R5" subtype="0" value="1e+06"/>
	<Component type="Passive" id="6" name="I6" subtype="6" value="0.0348941"/>
	<Component type="Junction" id="7" name="J0_7" subtype="0"/>
	<Component type="Junction" id="8" name="J1_8" subtype="1"/>
	<Component type="Junction" id="9" name="J1_9" subtype="1"/>
	<Component type="Passive" id="10" name="R10" subtype="0" value="33806.5"/>
	<Component type="Passive" id="11" name="I11" subtype="6" value="0.0456884"/>
	<Component type="Passive" id="12" name="R12" subtype="0" value="47.7071"/>
	<Component type="Passive" id="13" name="I13" subtype="6" value="54.5242"/>
	<Component type="Passive" id="14" name="I14" subtype="6" value="41.58"/>
	<Component type="Passive" id="15" name="I15" subtype="6" value="0.0425274"/>
	<Component type="Junction" id="16" name="J1_16" subtype="1"/>
	<Component type="Junction" id="17" name="J0_17" subtype="0"/>
	<Component type="Junction" id="18" name="J1_18" subtype="1"/>
	<Component type="Junction" id="19" name="J1_19" subtype="1"/>
	<Component type="Junction" id="20" name="J0_20" subtype="0"/>
	<Component type="Junction" id="21" name="J0_21" subtype="0"/>
	<Component type="Passive" id="22" name="I22" subtype="6" value="0.048276"/>
	<Component type="Passive" id="23" name="R23" subtype="0" value="0.0641136"/>
	<Component type="Junction" id="24" name="J1_24" subtype="1"/>
	<Component type="Junction" id="25" name="J0_25" subtype="0"/>
	<Component type="Junction" id="26" name="J0_26" subtype="0"/>
	<Component type="Passive" id="27" name="C27" subtype="4" value="4.77761e-08"/>
	<Component type="Passive" id="28" name="R28" subtype="0" value="57572.8"/>
	<Component type="Passive" id="29" name="R29" subtype="0" value="50572"/>
	<Component type="Passive" id="30" name="I30" subtype="6" value="0.0474076"/>
	<Component type="Junction" id="31" name="J0_31" subtype="0"/>
	<Component type="Junction" id="32" name="J1_32" subtype="1"/>
	<Component type="Junction" id="33" name="J1_33" subtype="1"/>
	<Component type="Junction" id="34" name="J1_34" subtype="1"/>
	<Component type="Passive" id="35" name="R35" subtype="0" value="26981.7"/>
	<Component type="Passive" id="36" name="I36" subtype="6" value="0.0387294"/>
	<Component type="Passive" id="37" name="C37" subtype="4" value="3.58456e-05"/>
	<Component type="Passive" id="38" name="I38" subtype="6" value="0.0647153"/>
	<Bond id="1" name="B1" from="1" to="2" causality="1"/>
	<Bond id="2" name="B2" from="2" to="4" causality="2"/>
	<Bond id="3" name="B3" from="2" to="8" causality="2"/>
	<Bond id="4" name="B4" from="3" to="5" causality="1"/>
	<Bond id="5" name="B5" from="2" to="6" causality="1"/>
	<Bond id="6" name="B6" from="7" to="3" causality="1"/>
	<Bond id="7" name="B7" from="8" to="9" causality="2"/>
	<Bond id="8" name="B8" from="9" to="7" causality="2"/>
	<Bond id="9" name="B9" from="8" to="25" causality="2"/>
	<Bond id="10" name="B10" from="8" to="11" causality="2"/>
	<Bond id="11" name="B11" from="8" to="18" causality="2"/>
	<Bond id="12" name="B12" from="8" to="13" causality="2"/>
	<Bond id="13" name="B13" from="8" to="16" causality="2"/>
	<Bond id="14" name="B14" from="8" to="15" causality="2"/>
	<Bond id="15" name="B15" from="16" to="14" causality="2"/>
	<Bond id="16" name="B16" from="17" to="20" causality="1"/>
	<Bond id="17" name="B17" from="18" to="19" causality="2"/>
	<Bond id="18" name="B18" from="19" to="17" causality="2"/>
	<Bond id="19" name="B19" from="20" to="21" causality="1"/>
	<Bond id="20" name="B20" from="21" to="12" causality="1"/>
	<Bond id="21" name="B21" from="20" to="22" causality="1"/>
	<Bond id="22" name="B22" from="17" to="24" causality="2"/>
	<Bond id="23" name="B23" from="24" to="23" causality="2"/>
	<Bond id="24" name="B24" from="25" to="26" causality="2"/>
	<Bond id="25" name="B25" from="26" to="10" causality="2"/>
	<Bond id="26" name="B26" from="7" to="27" causality="2"/>
	<Bond id="27" name="B27" from="7" to="33" causality="1"/>
	<Bond id="28" name="B28" from="7" to="31" causality="1"/>
	<Bond id="29" name="B29" from="7" to="30" causality="1"/>
	<Bond id="30" name="B30" from="31" to="32" causality="1"/>
	<Bond id="31" name="B31" from="32" to="29" causality="1"/>
	<Bond id="32" name="B32" from="33" to="34" causality="1"/>
	<Bond id="33" name="B33" from="34" to="28" causality="2"/>
	<Bond id="34" name="B34" from="34" to="35" causality="2"/>
	<Bond id="35" name="B35" from="34" to="36" causality="1"/>
	<Bond id="36" name="B36" from="34" to="37" causality="2"/>
	<Bond id="37" name="B37" from="3" to="38" causality="1"/>
</BondGraph>