<BondGraph eout="32,3" fout="25">
	<Component type="Source" id="1" name="S1" subtype="0" value="1.5"/>
	<Component type="Junction" id="2" name="J0_2" subtype="0"/>
	<Component type="Passive" id="3" name="R3" subtype="0" value="20"/>
	<Component type="Passive" id="4" name="R4" subtype="0" value="100"/>
	<Component type="Switch" id="10" swid="1" name="Sw1"/>
	<Component type="Junction" id="23" name="J1_23" subtype="1"/>
	<Component type="Junction" id="24" name="J0_24" subtype="0"/>
	<Component type="Passive" id="27" name="I27" subtype="6" value="0.000408247"/>
	<Component type="Switch" id="29" swid="2" name="Sw2"/>
	<Component type="Junction" id="30" name="J1_30" subtype="1"/>
	<Component type="Switch" id="32" swid="3" name="Sw3"/>
	<Component type="Junction" id="35" name="J1_35" subtype="1"/>
	<Component type="Junction" id="37" name="J1_37" subtype="1"/>
	<Component type="Junction" id="38" name="J0_38" subtype="0"/>
	<Component type="Passive" id="39" name="I39" subtype="6" value="0.0111625"/>
	<Component type="Switch" id="45" swid="4" name="Sw4"/>
	<Component type="Switch" id="46" swid="5" name="Sw5"/>
	<Component type="Junction" id="48" name="J1_48" subtype="1"/>
	<Component type="Junction" id="49" name="J0_49" subtype="0"/>
	<Component type="Junction" id="50" name="J1_50" subtype="1"/>
	<Component type="Junction" id="51" name="J0_51" subtype="0"/>
	<Component type="Passive" id="52" name="I52" subtype="6" value="0.000544945"/>
	<Component type="Switch" id="57" swid="6" name="Sw6"/>
	<Component type="Switch" id="60" swid="7" name="Sw7"/>
	<Component type="Passive" id="69" name="C69" subtype="4" value="0.00013962"/>
	<Component type="Passive" id="70" name="C70" subtype="4" value="6.95661e-05"/>
	<Bond id="3" name="B3" from="37" to="4" causality="2"/>
	<Bond id="9" name="B9" from="2" to="10" causality="1"/>
	<Bond id="22" name="B22" from="23" to="24" causality="2"/>
	<Bond id="23" name="B23" from="24" to="30" causality="1"/>
	<Bond id="25" name="B25" from="1" to="23" causality="1"/>
	<Bond id="26" name="B26" from="23" to="27" causality="1"/>
	<Bond id="28" name="B28" from="24" to="29" causality="2"/>
	<Bond id="29" name="B29" from="30" to="2" causality="2"/>
	<Bond id="31" name="B31" from="30" to="32" causality="1"/>
	<Bond id="32" name="B32" from="2" to="3" causality="1"/>
	<Bond id="35" name="B35" from="2" to="50" causality="1"/>
	<Bond id="37" name="B37" from="38" to="37" causality="1"/>
	<Bond id="39" name="B39" from="37" to="39" causality="1"/>
	<Bond id="42" name="B42" from="35" to="38" causality="2"/>
	<Bond id="44" name="B44" from="38" to="45" causality="2"/>
	<Bond id="45" name="B45" from="35" to="46" causality="1"/>
	<Bond id="47" name="B47" from="48" to="49" causality="2"/>
	<Bond id="48" name="B48" from="49" to="35" causality="1"/>
	<Bond id="50" name="B50" from="51" to="48" causality="1"/>
	<Bond id="52" name="B52" from="50" to="52" causality="1"/>
	<Bond id="55" name="B55" from="50" to="51" causality="2"/>
	<Bond id="56" name="B56" from="51" to="57" causality="2"/>
	<Bond id="59" name="B59" from="48" to="60" causality="1"/>
	<Bond id="68" name="B68" from="2" to="69" causality="2"/>
	<Bond id="69" name="B69" from="49" to="70" causality="2"/>
	</BondGraph>